name,set_name,card_number,card_type,hp,stage,type_hp_stage,card_text,attack1,attack2,attack3,attack4,weakness,resistance,retreat_cost,image_file,category,source_url
Charmeleon,Base Set,024/102,Fire,80,Stage 1,Fire / 80 / Stage 1,,[3] Slash (30),[1RR] Flamethrower (50) - Discard 1 Fire Energy card attached to Charmeleon in order to use this attack.,,,Water,,1,42365_charmeleon.jpg,collection,https://store.tcgplayer.com/pokemon/base-set/charmeleon
Haunter,Base Set 2,043/130,Psychic,60,Stage 1,Psychic / 60 / Stage 1,,[P] Hypnosis - The Defending Pokémon is now Asleep.,[PP] Dream Eater (50) - You can't use this attack unless the Defending Pokémon is Asleep.,,,,Fighting -30,1,42506_haunter.jpg,collection,https://store.tcgplayer.com/pokemon/base-set-2/haunter
Charmeleon (Delta Species),EX Crystal Guardians,30/100,Lightning,70,Stage 1,Lightning / 70 / Stage 1,,[2] Slash (20),"[2L] Thunder Jolt (50) Flip a coin. If tails, Charmeleon does 10 damage to itself.",,,Water,,1,84236_charmeleon-delta-species.jpg,collection,https://store.tcgplayer.com/pokemon/ex-crystal-guardians/charmeleon-delta-species
Gastly,Fossil,33/62,Psychic,50,Basic,Psychic / 50 / Basic,,"[P] Lick (10) - Flip a coin. If heads, the Defending Pokémon is now Paralyzed.",[PP] Energy Conversion - Put up to 2 Energy cards from your discard pile into your hand. Gastly does 10 damage to itself.,,,,Fighting -30,,44435_gastly.jpg,collection,https://store.tcgplayer.com/pokemon/fossil/gastly
Eevee,Hidden Fates,49/68,Colorless,60,Basic,Colorless / 60 / Basic,,[1] Gnaw (20),,,,Fighting ×2,,1,197694_eevee-49.jpg,collection,https://store.tcgplayer.com/pokemon/hidden-fates/eevee-49
Weezing,Hidden Fates,29/68,Psychic,120,Stage 1,Psychic / 120 / Stage 1,"Ability: Surrender Now Once during your turn, if this Pokémon is discarded with the effect of Jessie & James, you may have your opponent discard a card from their hand. (They discard that card after the effect of Jessie & James.)",[1] Tackle (40),,,,Psychic ×2,,3,197673_weezing.jpg,collection,https://store.tcgplayer.com/pokemon/hidden-fates/weezing
Charmander,ME02: Phantasmal Flames,011/094,Fire,80,Basic,Fire / 80 / Basic,"Ability: Agile If this Pokémon has no Energy attached, it has no Retreat Cost.",[R] Live Coal (20),,,,Water ×2,,2,662143_charmander.jpg,collection,https://store.tcgplayer.com/pokemon/me02-phantasmal-flames/charmander
Charmeleon,ME02: Phantasmal Flames,012/094,Fire,110,Stage 1,Fire / 110 / Stage 1,,[R] Steady Firebreathing (40),,,,Water ×2,,2,662144_charmeleon.jpg,collection,https://store.tcgplayer.com/pokemon/me02-phantasmal-flames/charmeleon
Gastly,ME02: Phantasmal Flames,054/094,Darkness,70,Basic,Darkness / 70 / Basic,,[D] Petty Grudge (10),,,,Fighting ×2,,1,660495_gastly.jpg,collection,https://store.tcgplayer.com/pokemon/me02-phantasmal-flames/gastly
Punk Helmet,ME02: Phantasmal Flames,121/094,Trainer - Pokémon Tool,,,Trainer - Pokémon Tool,"If the Darkness Pokémon this card is attached to is in the Active Spot and is damaged by an attack from your opponent's Pokémon (even if this Pokémon is Knocked Out), place 4 damage counters on the Attacking Pokémon.",,,,,,,,662218_punk-helmet-121-094.jpg,collection,https://store.tcgplayer.com/pokemon/me02-phantasmal-flames/punk-helmet-121-094
Haunter,ME03: Perfect Order,049/088,Darkness,100,Stage 1,Darkness / 100 / Stage 1,,[D] Haunt - Place 3 damage counters on your opponent's Active Pokémon.,,,,Fighting ×2,,1,684430_haunter.jpg,collection,https://store.tcgplayer.com/pokemon/me03-perfect-order/haunter
Pumpkaboo,ME04: Chaos Rising,040/086,Psychic,60,Basic,Psychic / 60 / Basic,,[P] Stampede (20),,,,Darkness ×2,Fighting -30,2,693536_pumpkaboo.jpg,collection,https://store.tcgplayer.com/pokemon/me04-chaos-rising/pumpkaboo
Gastly (Energy Symbol Pattern),ME: Ascended Heroes,123/217,Darkness,70,Basic,Darkness / 70 / Basic,,[D] Petty Grudge (10),,,,Fighting ×2,,1,677089_gastly-energy-symbol-pattern.jpg,collection,https://store.tcgplayer.com/pokemon/me-ascended-heroes/gastly-energy-symbol-pattern
Weezing (Team Plasma),Plasma Storm,58/135,Psychic,100,Stage 1,Psychic / 100 / Stage 1,"Aftermath - When this Pokémon is Knocked Out by damage from an opponent's attack, discard the top 3 cards of your opponent's deck. (Ability)",[1P] Smogbank - This attack does 20 damage to each of your opponent's Pokémon. (Don't apply Weakness and Resistance for Benched Pokémon.),,,,Psychic ×2,,2,90566_weezing-team-plasma.jpg,collection,https://store.tcgplayer.com/pokemon/plasma-storm/weezing-team-plasma
Charmander,Pokémon GO,008/078,Fire,60,Basic,Fire / 60 / Basic,,"[R] Tail on Fire (10) - Search your deck for a Fire Energy card and attach it to this Pokémon. Then, shuffle your deck.",,,,Water ×2,,1,274436_charmander.jpg,collection,https://store.tcgplayer.com/pokemon/pokemon-go/charmander
Charmeleon,SM - Burning Shadows,19/147,Fire,90,Stage 1,Fire / 90 / Stage 1,,[2] Claw Slash [30],[1RR] Heat Blast (70),,,Water ×2,,2,138485_charmeleon.jpg,collection,https://store.tcgplayer.com/pokemon/sm-burning-shadows/charmeleon
Haunter,SM - Crimson Invasion,37/111,Psychic,70,Stage 1,Psychic / 70 / Stage 1,,[P] Pain Amplifier - Put 2 damage counters on each of your opponent's Pokémon that has any damage counters on it.,,,,Darkness ×2,Fighting -20,1,149060_haunter.jpg,collection,https://store.tcgplayer.com/pokemon/sm-crimson-invasion/haunter
Pumpkaboo,SM - Crimson Invasion,44/111,Psychic,60,Basic,Psychic / 60 / Basic,,[P] Astonish - Choose a random card from your opponent's hand. Your opponent reveals that card and shuffles it into their deck.,,,,Darkness ×2,Fighting -20,2,149067_pumpkaboo.jpg,collection,https://store.tcgplayer.com/pokemon/sm-crimson-invasion/pumpkaboo
Lavender Town,SM - Team Up,147/181,Trainer - Stadium,,,Trainer - Stadium,"Once during each player's turn, that player may have their opponent reveal their hand.",,,,,,,,183945_lavender-town.jpg,collection,https://store.tcgplayer.com/pokemon/sm-team-up/lavender-town
Charmander,SV03: Obsidian Flames,026/197,Fire,60,Basic,Fire / 60 / Basic,,[R] Heat Tackle: (30) - This Pokémon does 10 damage to itself.,,,,Water ×2,,1,509703_charmander.jpg,collection,https://store.tcgplayer.com/pokemon/sv03-obsidian-flames/charmander
Pumpkaboo,SV04: Paradox Rift,077/182,Psychic,60,Basic,Psychic / 60 / Basic,,[P] Seed Bomb (10),[2] Reckless Charge (40) - This Pokémon also does 20 damage to itself.,,,Darkness ×2,Fighting -30,2,523743_pumpkaboo.jpg,collection,https://store.tcgplayer.com/pokemon/sv04-paradox-rift/pumpkaboo
Eevee,SV06: Twilight Masquerade,135/167,Colorless,50,Basic,Colorless / 50 / Basic,,"[C] Ascension Search your deck for a card that evolves from this Pokémon and put it onto this Pokémon to evolve it. Then, shuffle your deck.","[CCC] Quick Attack (20+) Flip a coin. If heads, this attack does 20 more damage.",,,Fighting ×2,,1,550179_eevee-135-167.jpg,collection,https://store.tcgplayer.com/pokemon/sv06-twilight-masquerade/eevee-135-167
Crispin,SV07: Stellar Crown,133/142,Trainer - Supporter,,,Trainer - Supporter,"Search your deck for up to 2 Basic Energy cards of different types, reveal them, and put 1 of them into your hand. Attach the other to 1 of your Pokémon. Then, shuffle your deck.",,,,,,,,567390_crispin-133-142.jpg,collection,https://store.tcgplayer.com/pokemon/sv07-stellar-crown/crispin-133-142
Hoothoot,SV07: Stellar Crown,114/142,Colorless,70,Basic,Colorless / 70 / Basic,,[C] Triple Stab (10x) - Flip 3 coins. This attack does 10 damage for each heads.,,,,Lightning ×2,Fighting -30,1,567340_hoothoot.jpg,collection,https://store.tcgplayer.com/pokemon/sv07-stellar-crown/hoothoot
Noctowl,SV07: Stellar Crown,115/142,Colorless,100,Stage 1,Colorless / 100 / Stage 1,"Ability: Jewel Seeker Once during your turn, when you play this Pokémon from your hand to evolve 1 of your Pokémon, if you have any Tera Pokémon in play, you may search your deck for up to 2 Trainer cards, reveal them, and put them into your hand. Then, shuffle your deck.",[CC] Speed Wing (60),,,,Lightning ×2,Fighting -30,1,567341_noctowl.jpg,collection,https://store.tcgplayer.com/pokemon/sv07-stellar-crown/noctowl
Sparkling Crystal,SV07: Stellar Crown,142/142,Trainer - Pokémon Tool,,,Trainer - Pokémon Tool,"When the Tera Pokémon this card is attached to uses an attack, that attack costs 1 Energy less. (The Energy can be of any type.)",,,,,,,,567416_sparkling-crystal.jpg,collection,https://store.tcgplayer.com/pokemon/sv07-stellar-crown/sparkling-crystal
Team Rocket's Koffing,SV10: Destined Rivals,125/182,Darkness,70,Basic,Darkness / 70 / Basic,"Ability: Smog Signals If this Pokémon is in the Active Spot and is damaged by an attack from your opponent's Pokémon (even if this Pokémon is Knocked Out), search your deck for up to 2 Pokémon that have ""Koffing"" in their name and put them onto your Bench. Then, shuffle your deck.",[DC] Leaking Gas (30),,,,Fighting ×2,,1,632933_team-rockets-koffing.jpg,collection,https://store.tcgplayer.com/pokemon/sv10-destined-rivals/team-rockets-koffing
Team Rocket's Weezing,SV10: Destined Rivals,126/182,Darkness,130,Stage 1,Darkness / 130 / Stage 1,,"[DC] Explode Together Now (40x) - This attack does 40 damage for each Pokémon in play that has ""Koffing"" or ""Weezing"" in its name (both yours and your opponent's).",,,,Fighting ×2,,2,632934_team-rockets-weezing-126-182.jpg,collection,https://store.tcgplayer.com/pokemon/sv10-destined-rivals/team-rockets-weezing-126-182
Charmander,SV: Paldean Fates,007/091,Fire,70,Basic,Fire / 70 / Basic,,[R] Blazing Destruction - Discard a Stadium in play.,[RR] Steady Firebreathing (30),,,Water ×2,,1,534142_charmander-007-091.jpg,collection,https://store.tcgplayer.com/pokemon/sv-paldean-fates/charmander-007-091
Charmeleon,SV: Paldean Fates,008/091,Fire,90,Stage 1,Fire / 90 / Stage 1,,,,,,Water ×2,,2,534143_charmeleon-008-091.jpg,collection,https://store.tcgplayer.com/pokemon/sv-paldean-fates/charmeleon-008-091
Gastly,SV: Paldean Fates,055/091,Darkness,50,Basic,Darkness / 50 / Basic,,,,,,Fighting ×2,,1,534417_gastly.jpg,collection,https://store.tcgplayer.com/pokemon/sv-paldean-fates/gastly
Haunter,SV: Paldean Fates,056/091,Darkness,80,Stage 1,Darkness / 80 / Stage 1,,,,,,Fighting ×2,,1,534418_haunter.jpg,collection,https://store.tcgplayer.com/pokemon/sv-paldean-fates/haunter
Buddy-Buddy Poffin,SV: Prismatic Evolutions,101/131,Trainer - Item,,,Trainer - Item,"Search your deck for up to 2 Basic Pokémon with 70 HP or less and put them onto your Bench. Then, shuffle your deck.",,,,,,,,610456_buddy-buddy-poffin.jpg,collection,https://store.tcgplayer.com/pokemon/sv-prismatic-evolutions/buddy-buddy-poffin
Eevee (Poké Ball Pattern),SV: Prismatic Evolutions,074/131,Colorless,50,Basic,Colorless / 50 / Basic,"Ability: Boosted Evolution As long as this Pokémon is in the Active Spot, it can evolve during your first turn or the turn you play it.",[CC] Reckless Charge (30) - This Pokémon also does 10 damage to itself.,,,,Fighting ×2,,1,610590_eevee-poke-ball-pattern.jpg,collection,https://store.tcgplayer.com/pokemon/sv-prismatic-evolutions/eevee-poke-ball-pattern
Eevee ex,SV: Prismatic Evolutions,075/131,Colorless,200,Basic,Colorless / 200 / Basic,Ability: Rainbow DNA This Pokémon can evolve into any Pokémon ex that evolves from Eevee if you play it from your hand onto this Pokémon. (This Pokémon can't evolve during your first turn or the turn you play it.),[RWL] Coruscating Quartz (200),,,,Fighting ×2,,1,610430_eevee-ex-075-131.jpg,collection,https://store.tcgplayer.com/pokemon/sv-prismatic-evolutions/eevee-ex-075-131
Flareon ex,SV: Prismatic Evolutions,014/131,Fire,270,Stage 1,Fire / 270 / Stage 1,,"[RC] Burning Charge (130) - Search your deck for up to 2 Basic Energy cards and attach them to 1 of your Pokémon. Then, shuffle your deck.","[RWL] Carnelian (280) - During your next turn, this Pokémon can't attack.",,,Water ×2,,2,610369_flareon-ex-014-131.jpg,collection,https://store.tcgplayer.com/pokemon/sv-prismatic-evolutions/flareon-ex-014-131
Charmeleon,SV: Scarlet & Violet 151,005/165,Fire,100,Stage 1,Fire / 100 / Stage 1,,[R] Combustion (20),[RRR] Fire Blast (90) - Discard an Energy from this Pokémon,,,Water ×2,,2,502557_charmeleon-005-165.jpg,collection,https://store.tcgplayer.com/pokemon/sv-scarlet-and-violet-151/charmeleon-005-165
Gastly,SV: Scarlet & Violet 151,092/165,Psychic,50,Basic,Psychic / 50 / Basic,,[P] Suffocating Gas (20),,,,Darkness ×2,Fighting -30,1,516661_gastly.jpg,collection,https://store.tcgplayer.com/pokemon/sv-scarlet-and-violet-151/gastly
Haunter,SV: Scarlet & Violet 151,093/165,Psychic,80,Stage 1,Psychic / 80 / Stage 1,"Ability: Spirit Return When you play this Pokémon from your hand to evolve 1 of your Pokémon during your turn, you may put a Supporter card from your opponent's discard pile into their hand.",[1P] Mumble (30),,,,Darkness ×2,Fighting -30,1,516662_haunter.jpg,collection,https://store.tcgplayer.com/pokemon/sv-scarlet-and-violet-151/haunter
Weezing,SV: Scarlet & Violet 151,110/165,Darkness,110,Stage 1,Darkness / 110 / Stage 1,"Ability: Let's Have a Blast If this Pokémon is in the Active Spot and is Knocked Out by damage from an attack from your opponent's Pokémon, flip a coin. If heads, the Attacking Pokémon is Knocked Out.",[2] Spinning Fumes (50) - This attack also does 10 damage to each of your opponent's Benched Pokémon. (Don't apply Weakness and Resistance for Benched Pokémon.),,,,Fighting ×2,,2,516680_weezing.jpg,collection,https://store.tcgplayer.com/pokemon/sv-scarlet-and-violet-151/weezing
Eevee,SV: Shrouded Fable,050/064,Colorless,70,Basic,Colorless / 70 / Basic,,"[C] Colorful Catch - Search your deck for up to 3 Basic Energy cards of different types, reveal them, and put them into your hand. Then, shuffle your deck.",[CC] Headbutt (20),,,Fighting ×2,,1,560361_eevee.jpg,collection,https://store.tcgplayer.com/pokemon/sv-shrouded-fable/eevee
Gengar,SWSH01: Sword & Shield Base Set,085/202,Psychic,110,Stage 2,Psychic / 110 / Stage 2,"Ability: Life Shaker As often as you like during your turn (before your attack), you may move 1 damage counter from 1 of your Psychic Pokémon to another of your Psychic Pokémon.",[1PP] Hypnoblast (90) - Your opponent's Active Pokémon is now Asleep.,,,,Darkness ×2,Fighting -30,2,208393_gengar.jpg,collection,https://store.tcgplayer.com/pokemon/swsh01-sword-and-shield-base-set/gengar
Haunter,SWSH01: Sword & Shield Base Set,084/202,Psychic,70,Stage 1,Psychic / 70 / Stage 1,,[1] Nightmare (20) - Your opponent's Active Pokémon is now Asleep.,[1P] Spooky Shot (40),,,Darkness ×2,Fighting -30,1,208390_haunter.jpg,collection,https://store.tcgplayer.com/pokemon/swsh01-sword-and-shield-base-set/haunter
Galarian Weezing,SWSH06: Chilling Reign,096/198,Darkness,130,Stage 1,Darkness / 130 / Stage 1,"Ability: Energy Factory Each basic Darkness Energy attached to your Pokémon that have ""Weezing"" in their name provide Darkness Darkness Energy. You can't apply more than 1 Energy Factory Ability at a time.",[1D] Suffocating Gas (50),,,,Fighting ×2,,2,241765_galarian-weezing.jpg,collection,https://store.tcgplayer.com/pokemon/swsh06-chilling-reign/galarian-weezing
Koffing,SWSH06: Chilling Reign,094/198,Darkness,70,Basic,Darkness / 70 / Basic,,[1D] Smog (20) - Your opponent's Active Pokémon is now Poisoned.,,,,Fighting ×2,,1,241763_koffing.jpg,collection,https://store.tcgplayer.com/pokemon/swsh06-chilling-reign/koffing
Old Cemetery,SWSH06: Chilling Reign,147/198,Trainer - Stadium,,,Trainer - Stadium,"Whenever a player attaches an Energy card from their hand to 1 of their non-Psychic Pokémon, put 2 damage counters on that Pokémon.",,,,,,,,241850_old-cemetery.jpg,collection,https://store.tcgplayer.com/pokemon/swsh06-chilling-reign/old-cemetery
Spiritomb,SWSH06: Chilling Reign,103/198,Darkness,70,Basic,Darkness / 70 / Basic,,"[1] Ghostly Cries - For each Pokémon in your opponent's discard pile, put 1 damage counter on your opponent's Pokémon in any way you like. If you placed any damage counters in this way, your opponent shuffles all Pokémon from their discard pile into their deck.",[D] Will-O-Wisp (20),,,Grass ×2,,1,241777_spiritomb.jpg,collection,https://store.tcgplayer.com/pokemon/swsh06-chilling-reign/spiritomb
Flareon VMAX,SWSH07: Evolving Skies,018/203,Fire,320,VMAX,Fire / 320 / VMAX,,[2R] Max Detonate (100x) - Discard the top 5 cards of your deck. This attack does 100 damage for each Energy card you discarded in this way.,,,,Water ×2,,2,246712_flareon-vmax.jpg,collection,https://store.tcgplayer.com/pokemon/swsh07-evolving-skies/flareon-vmax
Gengar V,SWSH08: Fusion Strike,156/264,Darkness,210,Basic,Darkness / 210 / Basic,,[DD] Dark Slumber (40) - Your opponent's Active Pokémon is now Asleep.,[DDD] Pain Explosion (190) - Put 3 damage counters on this Pokémon.,,,Fighting ×2,,2,253370_gengar-v.jpg,collection,https://store.tcgplayer.com/pokemon/swsh08-fusion-strike/gengar-v
Mew V,SWSH08: Fusion Strike,113/264,Psychic,180,Basic,Psychic / 180 / Basic,,"[P] Energy Mix - Search your deck for an Energy card and attach it to 1 of your Fusion Strike Pokémon. Then, shuffle your deck.",[1P] Psychic Leap (70) - You may shuffle this Pokémon and all attached cards into your deck.,,,Darkness ×2,Fighting -30,0,253274_mew-v.jpg,collection,https://store.tcgplayer.com/pokemon/swsh08-fusion-strike/mew-v
Eevee V,SWSH: Sword & Shield Promo Cards,SWSH065,Colorless,190,Basic,Colorless / 190 / Basic,,[1] Collect - Draw 3 cards.,"[3] Brave Buddies (80+) - If you played a Supporter card from your hand during this turn, this attack does 80 more damage.",,,Fighting ×2,,1,220317_eevee-v-swsh065.jpg,collection,https://store.tcgplayer.com/pokemon/swsh-sword-and-shield-promo-cards/eevee-v-swsh065
Flareon V,SWSH: Sword & Shield Promo Cards,SWSH149,Fire,210,Basic,Fire / 210 / Basic,,"[1] Flaming Breath (20) - Search your deck for a R Energy card and attach it to this Pokémon. Then, shuffle your deck.",[1RR] Scorching Column (120) - Your opponent's Active Pokémon is now Burned.,,,Water ×2,,2,247295_flareon-v-swsh149.jpg,collection,https://store.tcgplayer.com/pokemon/swsh-sword-and-shield-promo-cards/flareon-v-swsh149
Galarian Weezing,Shining Fates,042/072,Darkness,130,Stage 1,Darkness / 130 / Stage 1,"Ability: Neutralizing Gas As long as this Pokémon is in the Active Spot, your opponent's Pokémon in play have no Abilities, except for Neutralizing Gas.",[D] Severe Poison - Your opponent's Active Pokémon is now Poisoned. Put 4 damage counters instead of 1 on that Pokémon during Pokémon Checkup.,,,,Fighting ×2,,3,232505_galarian-weezing.jpg,collection,https://store.tcgplayer.com/pokemon/shining-fates/galarian-weezing
Chandelure,Trick or Trade BOOster Bundle,033/192,Fire,140,Stage 2,Fire / 140 / Stage 2,Ability: Protective Glow All of your Pokémon that have Energy attached have no Weakness.,[1R] Mirage Flare (110) - Your opponent's Active Pokémon is now Confused.,,,,Water ×2,,2,283790_chandelure.jpg,collection,https://store.tcgplayer.com/pokemon/trick-or-trade-booster-bundle/chandelure
Gastly,Trick or Trade BOOster Bundle,055/198,Psychic,50,Basic,Psychic / 50 / Basic,,"[P] Sleep Pulse (10) - Flip a coin. If heads, your opponent's Active Pokémon is now Asleep.",,,,Darkness ×2,Fighting -30,1,283811_gastly.jpg,collection,https://store.tcgplayer.com/pokemon/trick-or-trade-booster-bundle/gastly
Gengar (2021 Copyright Date),Trick or Trade BOOster Bundle,057/198,Psychic,130,Stage 2,Psychic / 130 / Stage 2,"Ability: Last Gift If this Pokémon is Knocked Out by damage from an attack from your opponent's Pokémon, search your deck for up to 2 cards and put them into your hand. Then, shuffle your deck.",[3] Pain Burst (10+) - This attack does 40 more damage for each damage counter on your opponent's Active Pokémon.,,,,Darkness ×2,Fighting -30,1,283766_gengar-2021-copyright-date.jpg,collection,https://store.tcgplayer.com/pokemon/trick-or-trade-booster-bundle/gengar-2021-copyright-date
Gourgeist,Trick or Trade BOOster Bundle,077/203,Psychic,120,Stage 1,Psychic / 120 / Stage 1,,"[2] Pandemonium (60x) - Reveal the top 6 cards of your deck. This attack does 60 damage for each Psychic Pokémon you find there. Then, shuffle those Pokémon back into your deck and discard the other cards.",,,,Darkness ×2,Fighting -30,2,283795_gourgeist.jpg,collection,https://store.tcgplayer.com/pokemon/trick-or-trade-booster-bundle/gourgeist
Haunter,Trick or Trade BOOster Bundle,056/198,Psychic,80,Stage 1,Psychic / 80 / Stage 1,,[P] Will-O-Wisp (30),,,,Darkness ×2,Fighting -30,1,283812_haunter.jpg,collection,https://store.tcgplayer.com/pokemon/trick-or-trade-booster-bundle/haunter
Litwick,Trick or Trade BOOster Bundle,031/192,Fire,60,Basic,Fire / 60 / Basic,,[R] Scorch - Your opponent's Active Pokémon is now Burned.,,,,Water ×2,,1,283824_litwick.jpg,collection,https://store.tcgplayer.com/pokemon/trick-or-trade-booster-bundle/litwick
Gastly,Trick or Trade BOOster Bundle 2023,064/196,Psychic,40,Basic,Psychic / 40 / Basic,,[P] Furtive Drop - Put 1 damage counter on your opponent's Active Pokémon.,,,,Darkness ×2,Fighting -30,,515659_gastly.jpg,collection,https://store.tcgplayer.com/pokemon/trick-or-trade-booster-bundle-2023/gastly
Gengar (2022 Copyright Date),Trick or Trade BOOster Bundle 2023,066/196,Psychic,120,Stage 2,Psychic / 120 / Stage 2,"Ability: Netherworld Gate Once during your turn, if this Pokémon is in your discard pile, you may put it onto your Bench. If you do, put 3 damage counters on this Pokémon.",[P] Screaming Circle - Put 2 damage counters on your opponent's Active Pokémon for each of your opponent's Benched Pokémon.,,,,Darkness ×2,Fighting -30,2,515661_gengar-2022-copyright-date.jpg,collection,https://store.tcgplayer.com/pokemon/trick-or-trade-booster-bundle-2023/gengar-2022-copyright-date
Haunter,Trick or Trade BOOster Bundle 2023,065/196,Psychic,70,Stage 1,Psychic / 70 / Stage 1,,[P] Cursed Drop - Put 3 damage counters on your opponent's Pokémon in any way you like.,,,,Darkness ×2,Fighting -30,1,515660_haunter.jpg,collection,https://store.tcgplayer.com/pokemon/trick-or-trade-booster-bundle-2023/haunter
Houndoom,Trick or Trade BOOster Bundle 2023,034/198,Fire,120,Stage 1,Fire / 120 / Stage 1,,[1] Sharp Fang (30),[1RR] Fire Blast (150) - Discard a [R] Energy attached to this Pokémon.,,,Water ×2,,2,515650_houndoom.jpg,collection,https://store.tcgplayer.com/pokemon/trick-or-trade-booster-bundle-2023/houndoom
Trevenant,Trick or Trade BOOster Bundle 2023,017/196,Grass,120,Stage 1,Grass / 120 / Stage 1,"Ability: Elder Tree Barrier If this Pokémon is Knocked Out by damage from an attack from your opponent's Pokémon V, your opponent can't take any Prize cards for it.","[1GG] Giga Impact (150) - During your next turn, this Pokémon can't attack.",,,,Fire ×2,,3,515648_trevenant.jpg,collection,https://store.tcgplayer.com/pokemon/trick-or-trade-booster-bundle-2023/trevenant
Gengar (Cosmos Holo),Trick or Trade BOOster Bundle 2024,057/091,Darkness,130,Stage 2,Darkness / 130 / Stage 2,"Night Gate Once during your turn, you may switch your Active Pokémon with 1 of your Benched Pokémon.",[D1] Nightmare (100) - Your opponent's Active Pokémon is now Asleep.,,,,Fighting ×2,,1,570271_gengar-cosmos-holo.jpg,collection,https://store.tcgplayer.com/pokemon/trick-or-trade-booster-bundle-2024/gengar-cosmos-holo
Haunter,Trick or Trade BOOster Bundle 2024,103/162,Darkness,90,Stage 1,Darkness / 90 / Stage 1,,[D][D] Super Poison Breath (30) Your opponent’s Active Pokémon is now Poisoned.,,,,Fighting ×2,,1,570361_haunter.jpg,collection,https://store.tcgplayer.com/pokemon/trick-or-trade-booster-bundle-2024/haunter
Iron Jugulis,Trick or Trade BOOster Bundle 2024,139/162,Colorless,130,Basic,Colorless / 130 / Basic,"Ability: Auto Marshal If this Pokémon is in the Active Spot and is damaged by an attack from your opponent's Pokémon (even if this Pokémon is Knocked Out), put 3 damage counters on the Attacking Pokémon.",[C][C][C] Blasting Wind (110),,,,Lightning ×2,Fighting -30,2,570362_iron-jugulis.jpg,collection,https://store.tcgplayer.com/pokemon/trick-or-trade-booster-bundle-2024/iron-jugulis
Okidogi (Cosmos Holo),Trick or Trade BOOster Bundle 2024,111/167,Fighting,130,Basic,Fighting / 130 / Basic,"Ability: Adrena-Power If this Pokémon has any Darkness Energy attached, it gets +100 HP, and the attacks it uses do 100 more damage to your opponent's Active Pokémon (before applying Weakness and Resistance).",[FF] Good Punch (70),,,,Psychic ×2,,2,570569_okidogi-cosmos-holo.jpg,collection,https://store.tcgplayer.com/pokemon/trick-or-trade-booster-bundle-2024/okidogi-cosmos-holo
Sinistcha (Cosmos Holo),Trick or Trade BOOster Bundle 2024,022/167,Grass,70,Stage 1,Grass / 70 / Stage 1,,[G] Cursed Drop Put 4 damage counters on your opponent's Pokémon in any way you like.,[G] Spi[LL] the Tea (70x) Discard up to 3 G Energy cards from your Pokémon. This attack does 70 damage for each card you discarded this way.,,,Fire ×2,,1,570462_sinistcha-cosmos-holo.jpg,collection,https://store.tcgplayer.com/pokemon/trick-or-trade-booster-bundle-2024/sinistcha-cosmos-holo
Charmander,XY - Evolutions,9/108,Fire,60,Basic,Fire / 60 / Basic,,[1] Scratch (10),[1R] Ember (30) - Discard a Fire Energy attached to this Pokémon.,,,Water ×2,,1,124022_charmander.jpg,collection,https://store.tcgplayer.com/pokemon/xy-evolutions/charmander
Gastly,XY - Evolutions,47/108,Psychic,40,Basic,Psychic / 40 / Basic,,"[P] Little Grudge - During your opponent's next turn, if this Pokémon is Knocked Out by damage from an attack, discard an Energy attached to the Attacking Pokémon.","[1P] Nightmare (20) - Flip a coin. If heads, your opponent's Active Pokémon is now Asleep.",,,Darkness ×2,Fighting -20,1,124061_gastly.jpg,collection,https://store.tcgplayer.com/pokemon/xy-evolutions/gastly
Weezing,XY - Fates Collide,28/124,Psychic,110,Stage 1,Psychic / 110 / Stage 1,,"[2] Balloon Bomb - Flip 2 coins. For each heads, discard 2 cards from the top of your opponent's deck.",[2P] Thick Liquid (80) - Both Active Pokémon are now Confused and Poisoned.,,,Psychic ×2,,3,117788_weezing.jpg,collection,https://store.tcgplayer.com/pokemon/xy-fates-collide/weezing
Welder (#25 Charizard Stamped),Battle Academy,189/214,Trainer - Supporter,,,Trainer - Supporter,"Attach up to 2 Fire Energy cards from your hand to 1 of your Pokémon. If you do, draw 3 cards. You may play only 1 Supporter card during your turn (before your attack).",,,,,,,,219100_welder-189-214-25-charizard-stamped.jpg,deck,https://store.tcgplayer.com/pokemon/battle-academy/welder-189-214-25-charizard-stamped
Boss's Orders [Ghetsis],ME01: Mega Evolution,114/132,Trainer - Supporter,,,Trainer - Supporter,Switch in 1 of your opponent's Benched Pokémon to the Active Spot.,,,,,,,,654453_bosss-orders-ghetsis.jpg,deck,https://store.tcgplayer.com/pokemon/me01-mega-evolution/bosss-orders-ghetsis
Lillie's Determination,ME01: Mega Evolution,119/132,Trainer - Supporter,,,Trainer - Supporter,"Shuffle your hand into your deck. Then, draw 6 cards. If you have exactly 6 Prize cards remaining, draw 8 cards instead.",,,,,,,,654458_lillies-determination-119-132.jpg,deck,https://store.tcgplayer.com/pokemon/me01-mega-evolution/lillies-determination-119-132
Rare Candy,ME01: Mega Evolution,125/132,Trainer - Item,,,Trainer - Item,"Choose 1 of your Basic Pokémon in play. If you have a Stage 2 card in your hand that evolves from that Pokémon, put that card onto the Basic Pokémon to evolve it, skipping the Stage 1. You can't use this card during your first turn or on a Basic Pokémon that was put into play this turn.",,,,,,,,654464_rare-candy-125-132.jpg,deck,https://store.tcgplayer.com/pokemon/me01-mega-evolution/rare-candy-125-132
Risky Ruins,ME01: Mega Evolution,127/132,Trainer - Stadium,,,Trainer - Stadium,"Whenever any player puts a Basic non-Darkness Pokémon onto their Bench during their turn, place 2 damage counters on that Pokémon.",,,,,,,,654466_risky-ruins.jpg,deck,https://store.tcgplayer.com/pokemon/me01-mega-evolution/risky-ruins
Switch,ME01: Mega Evolution,130/132,Trainer - Item,,,Trainer - Item,Switch your Active Pokémon with 1 of your Benched Pokémon.,,,,,,,,654469_switch.jpg,deck,https://store.tcgplayer.com/pokemon/me01-mega-evolution/switch
Ultra Ball,ME01: Mega Evolution,131/132,Trainer - Item,,,Trainer - Item,"You can use this card only if you discard 2 other cards from your hand. Search your deck for a Pokémon, reveal it, and put it into your hand. Then, shuffle your deck.",,,,,,,,654470_ultra-ball.jpg,deck,https://store.tcgplayer.com/pokemon/me01-mega-evolution/ultra-ball
Dawn,ME02: Phantasmal Flames,087/094,Trainer - Supporter,,,Trainer - Supporter,"Search your deck for a Basic Pokémon, a Stage 1 Pokémon, and a Stage 2 Pokémon, reveal them, and put them into your hand. Then, shuffle your deck.",,,,,,,,660414_dawn.jpg,deck,https://store.tcgplayer.com/pokemon/me02-phantasmal-flames/dawn
Haunter,ME02: Phantasmal Flames,055/094,Darkness,100,Stage 1,Darkness / 100 / Stage 1,,[D] Spooky Shot (40),,,,Fighting ×2,,1,660408_haunter-055-094.jpg,deck,https://store.tcgplayer.com/pokemon/me02-phantasmal-flames/haunter-055-094
Punk Helmet,ME02: Phantasmal Flames,092/094,Trainer - Pokémon Tool,,,Trainer - Pokémon Tool,"If the Darkness Pokémon this card is attached to is in the Active Spot and is damaged by an attack from your opponent's Pokémon (even if this Pokémon is Knocked Out), place 4 damage counters on the Attacking Pokémon.",,,,,,,,660419_punk-helmet.jpg,deck,https://store.tcgplayer.com/pokemon/me02-phantasmal-flames/punk-helmet
Gastly,ME03: Perfect Order,048/088,Darkness,70,Basic,Darkness / 70 / Basic,,"[D] Surprise Attack (30) - Flip a coin. If tails, this attack does nothing.",,,,Fighting ×2,,1,684429_gastly.jpg,deck,https://store.tcgplayer.com/pokemon/me03-perfect-order/gastly
Gengar,ME03: Perfect Order,050/088,Darkness,130,Stage 2,Darkness / 130 / Stage 2,"Ability: Infinite Shadow If this Pokémon is Knocked Out by damage from an attack from your opponent's Pokémon, put it into your hand instead of the discard pile. (Discard all attached cards.)",[D] Mind Jack (10+) - This attack does 30 more damage for each of your opponent's Benched Pokémon.,,,,Fighting ×2,,1,684431_gengar.jpg,deck,https://store.tcgplayer.com/pokemon/me03-perfect-order/gengar
Dark Bell,ME05: Pitch Black,075/084,Trainer - Item,,,Trainer - Item,Both Active non-Darkness Pokémon are now Confused.,,,,,,,,704832_dark-bell-075-084.jpg,deck,https://store.tcgplayer.com/pokemon/me05-pitch-black/dark-bell-075-084
Gwynn,ME05: Pitch Black,078/084,Trainer - Supporter,,,Trainer - Supporter,"Discard up to 2 Pokémon that don't have a Rule Box from your hand, and draw 3 cards for each card you discarded in this way. (Pokémon ex, Pokémon V, etc. have Rule Boxes.)",,,,,,,,704835_gwynn-078-084.jpg,deck,https://store.tcgplayer.com/pokemon/me05-pitch-black/gwynn-078-084
Shadowy Darkness Energy,ME05: Pitch Black,083/084,Energy - Special,,,Energy - Special,"As long as this card is attached to a Pokémon, it provides [D] Energy. As long as the [D] Pokémon this card is attached to is on your Bench, prevent all damage done to it by attacks from your opponent's Pokémon.",,,,,,,,704840_shadowy-darkness-energy.jpg,deck,https://store.tcgplayer.com/pokemon/me05-pitch-black/shadowy-darkness-energy
Basic Darkness Energy,MEE: Mega Evolution Energies,7,Energy - Basic,,,Energy - Basic,,,,,,,,,656269_basic-darkness-energy-007.jpg,deck,https://store.tcgplayer.com/pokemon/mee-mega-evolution-energies/basic-darkness-energy-007
Basic Fire Energy,MEE: Mega Evolution Energies,2,Energy - Basic,,,Energy - Basic,,,,,,,,,656264_basic-fire-energy-002.jpg,deck,https://store.tcgplayer.com/pokemon/mee-mega-evolution-energies/basic-fire-energy-002
Buddy-Buddy Poffin,SV05: Temporal Forces,144/162,Trainer - Item,,,Trainer - Item,"Search your deck for up to 2 Basic Pokémon with 70 HP or less and put them onto your bench. Then, shuffle your deck.",,,,,,,,542659_buddy-buddy-poffin.jpg,deck,https://store.tcgplayer.com/pokemon/sv05-temporal-forces/buddy-buddy-poffin
Koffing,SV09: Journey Together,091/159,Darkness,60,Basic,Darkness / 60 / Basic,,[1] Tackle (10),[1D] Suffocating Gas (20),,,Fighting ×2,,1,623518_koffing.jpg,deck,https://store.tcgplayer.com/pokemon/sv09-journey-together/koffing
Weezing,SV09: Journey Together,092/159,Darkness,130,Stage 1,Darkness / 130 / Stage 1,,[D] Pervasive Gas (30) - Your opponent’s Active Pokémon is now Confused.,"[1D] Crazy Blast (50+) - If this Pokémon used Pervasive Gas during your last turn, this attack does 120 more damage.",,,Fighting ×2,,2,623519_weezing.jpg,deck,https://store.tcgplayer.com/pokemon/sv09-journey-together/weezing
Nest Ball,SV: Paldean Fates,084/091,Trainer - Item,,,Trainer - Item,"Search your deck for a Basic Pokémon and put it onto your Bench. Then, shuffle your deck. You may play any number of Item cards during your turn.",,,,,,,,534446_nest-ball.jpg,deck,https://store.tcgplayer.com/pokemon/sv-paldean-fates/nest-ball
Eevee,SV: Prismatic Evolutions,074/131,Colorless,50,Basic,Colorless / 50 / Basic,"Ability: Boosted Evolution As long as this Pokémon is in the Active Spot, it can evolve during your first turn or the turn you play it.",[CC] Reckless Charge (30) - This Pokémon also does 10 damage to itself.,,,,Fighting ×2,,1,610429_eevee.jpg,deck,https://store.tcgplayer.com/pokemon/sv-prismatic-evolutions/eevee
Flareon,SV: Prismatic Evolutions,013/131,Fire,130,Stage 1,Fire / 130 / Stage 1,,"[R] Destructive Flame (30) - Flip a coin. If heads, discard an Energy from your opponent's Active Pokémon.","[RCC] Fighting Blaze (90+) - If your opponent's Active Pokémon is a Pokémon ex or Pokémon V, this attack does 90 more damage.",,,Water ×2,,2,610368_flareon.jpg,deck,https://store.tcgplayer.com/pokemon/sv-prismatic-evolutions/flareon
Professor's Research [Professor Oak],SV: Prismatic Evolutions,122/131,Trainer - Supporter,,,Trainer - Supporter,Discard your hand and draw 7 cards.,,,,,,,,610477_professors-research-professor-oak.jpg,deck,https://store.tcgplayer.com/pokemon/sv-prismatic-evolutions/professors-research-professor-oak
Night Stretcher,SV: Shrouded Fable,061/064,Trainer - Item,,,Trainer - Item,Put a Pokémon or a Basic Energy card from your discard pile into your hand.,,,,,,,,560372_night-stretcher.jpg,deck,https://store.tcgplayer.com/pokemon/sv-shrouded-fable/night-stretcher
Evolution Incense,SWSH01: Sword & Shield Base Set,163/202,Trainer - Item,,,Trainer - Item,"Choose an Evolution Pokémon from your deck, reveal it, and put it into your hand. Then, shuffle your deck.",,,,,,,,208489_evolution-incense.jpg,deck,https://store.tcgplayer.com/pokemon/swsh01-sword-and-shield-base-set/evolution-incense
Ordinary Rod,SWSH01: Sword & Shield Base Set,171/202,Trainer - Item,,,Trainer - Item,Choose 1 or both: • Shuffle up to 2 Pokémon from your discard pile into your deck. • Shuffle up to 2 basic Energy cards from your discard pile into your deck.,,,,,,,,208500_ordinary-rod.jpg,deck,https://store.tcgplayer.com/pokemon/swsh01-sword-and-shield-base-set/ordinary-rod
Sudowoodo,SWSH01: Sword & Shield Base Set,100/202,Fighting,100,Basic,Fighting / 100 / Basic,,[1] Double Draw - Draw 2 cards.,[1] Flail (10x) - This attack does 10 damage for each damage counter on this Pokémon.,,,Grass ×2,,1,208409_sudowoodo.jpg,deck,https://store.tcgplayer.com/pokemon/swsh01-sword-and-shield-base-set/sudowoodo
Charizard,SWSH04: Vivid Voltage,025/185,Fire,170,Stage 2,Fire / 170 / Stage 2,"Ability: Battle Sense Once during your turn, you may look at the top 3 cards of your deck and put 1 of them into your hand. Discard the other cards.",[RR] Royal Blaze (100+) - This attack does 50 more damage for each Leon in your discard pile.,,,,Water ×2,,3,226395_charizard.jpg,deck,https://store.tcgplayer.com/pokemon/swsh04-vivid-voltage/charizard
Charmander,SWSH04: Vivid Voltage,023/185,Fire,70,Basic,Fire / 70 / Basic,,[R] Collect - Draw a card.,[RR] Flare (30),,,Water ×2,,1,226392_charmander.jpg,deck,https://store.tcgplayer.com/pokemon/swsh04-vivid-voltage/charmander
Charmeleon,SWSH04: Vivid Voltage,024/185,Fire,90,Stage 1,Fire / 90 / Stage 1,,[R] Slash (20),[RR] Raging Flames (60) - Discard the top 3 cards of your deck.,,,Water ×2,,2,226394_charmeleon.jpg,deck,https://store.tcgplayer.com/pokemon/swsh04-vivid-voltage/charmeleon
Leon,SWSH04: Vivid Voltage,154/185,Trainer - Supporter,,,Trainer - Supporter,"During this turn, your Pokémon's attacks do 30 more damage to your opponent's Active Pokémon (before applying Weakness and Resistance).",,,,,,,,226508_leon.jpg,deck,https://store.tcgplayer.com/pokemon/swsh04-vivid-voltage/leon
Zinnia's Resolve,SWSH07: Evolving Skies,164/203,Trainer - Supporter,,,Trainer - Supporter,You can play this card only if you discard 2 other cards from your hand. Draw a card for each of your opponent's Pokémon in play.,,,,,,,,246789_zinnias-resolve.jpg,deck,https://store.tcgplayer.com/pokemon/swsh07-evolving-skies/zinnias-resolve
Kindler,SWSH09: Brilliant Stars,143/172,Trainer - Supporter,,,Trainer - Supporter,You can use this card only if your discard a R Energy card from your hand. Look at the top 7 cards of your deck and put up to 2 of them into your hand. Shuffle the other cards back into your deck.,,,,,,,,257309_kindler.jpg,deck,https://store.tcgplayer.com/pokemon/swsh09-brilliant-stars/kindler
Magma Basin,SWSH09: Brilliant Stars,144/172,Trainer - Stadium,,,Trainer - Stadium,"Once during each player's turn, that player may attach a Fire Energy card from their discard pile to 1 of their Benched Fire Pokémon. If a player attached Energy to a Pokémon in this way, put 2 damage counters on that Pokémon.",,,,,,,,257310_magma-basin.jpg,deck,https://store.tcgplayer.com/pokemon/swsh09-brilliant-stars/magma-basin
