name,set_name,card_number,rarity,card_type,hp,stage,type_hp_stage,card_text,attack1,attack2,attack3,attack4,weakness,resistance,retreat_cost,regulation_mark,standard_legal,image_file,category,source_url
Boss's Orders [Ghetsis],ME01: Mega Evolution,114/132,Uncommon,Trainer - Supporter,,,Trainer - Supporter,Switch in 1 of your opponent's Benched Pokémon to the Active Spot.,,,,,,,,I,yes,654453_bosss-orders-ghetsis.jpg,deck,https://store.tcgplayer.com/pokemon/me01-mega-evolution/bosss-orders-ghetsis
Lillie's Determination,ME01: Mega Evolution,119/132,Uncommon,Trainer - Supporter,,,Trainer - Supporter,"Shuffle your hand into your deck. Then, draw 6 cards. If you have exactly 6 Prize cards remaining, draw 8 cards instead.",,,,,,,,I,yes,654458_lillies-determination-119-132.jpg,deck,https://store.tcgplayer.com/pokemon/me01-mega-evolution/lillies-determination-119-132
Rare Candy,ME01: Mega Evolution,125/132,Common,Trainer - Item,,,Trainer - Item,"Choose 1 of your Basic Pokémon in play. If you have a Stage 2 card in your hand that evolves from that Pokémon, put that card onto the Basic Pokémon to evolve it, skipping the Stage 1. You can't use this card during your first turn or on a Basic Pokémon that was put into play this turn.",,,,,,,,I,yes,654464_rare-candy-125-132.jpg,deck,https://store.tcgplayer.com/pokemon/me01-mega-evolution/rare-candy-125-132
Risky Ruins,ME01: Mega Evolution,127/132,Uncommon,Trainer - Stadium,,,Trainer - Stadium,"Whenever any player puts a Basic non-Darkness Pokémon onto their Bench during their turn, place 2 damage counters on that Pokémon.",,,,,,,,I,yes,654466_risky-ruins.jpg,deck,https://store.tcgplayer.com/pokemon/me01-mega-evolution/risky-ruins
Switch,ME01: Mega Evolution,130/132,Common,Trainer - Item,,,Trainer - Item,Switch your Active Pokémon with 1 of your Benched Pokémon.,,,,,,,,I,yes,654469_switch.jpg,deck,https://store.tcgplayer.com/pokemon/me01-mega-evolution/switch
Ultra Ball,ME01: Mega Evolution,131/132,Common,Trainer - Item,,,Trainer - Item,"You can use this card only if you discard 2 other cards from your hand. Search your deck for a Pokémon, reveal it, and put it into your hand. Then, shuffle your deck.",,,,,,,,I,yes,654470_ultra-ball.jpg,deck,https://store.tcgplayer.com/pokemon/me01-mega-evolution/ultra-ball
Dawn,ME02: Phantasmal Flames,087/094,Uncommon,Trainer - Supporter,,,Trainer - Supporter,"Search your deck for a Basic Pokémon, a Stage 1 Pokémon, and a Stage 2 Pokémon, reveal them, and put them into your hand. Then, shuffle your deck.",,,,,,,,I,yes,660414_dawn.jpg,deck,https://store.tcgplayer.com/pokemon/me02-phantasmal-flames/dawn
Haunter,ME02: Phantasmal Flames,055/094,Uncommon,Darkness,100,Stage 1,Darkness / 100 / Stage 1,,[D] Spooky Shot (40),,,,Fighting ×2,,1,I,yes,660408_haunter-055-094.jpg,deck,https://store.tcgplayer.com/pokemon/me02-phantasmal-flames/haunter-055-094
Punk Helmet,ME02: Phantasmal Flames,092/094,Uncommon,Trainer - Pokémon Tool,,,Trainer - Pokémon Tool,"If the Darkness Pokémon this card is attached to is in the Active Spot and is damaged by an attack from your opponent's Pokémon (even if this Pokémon is Knocked Out), place 4 damage counters on the Attacking Pokémon.",,,,,,,,I,yes,660419_punk-helmet.jpg,deck,https://store.tcgplayer.com/pokemon/me02-phantasmal-flames/punk-helmet
Gastly,ME03: Perfect Order,048/088,Common,Darkness,70,Basic,Darkness / 70 / Basic,,"[D] Surprise Attack (30) - Flip a coin. If tails, this attack does nothing.",,,,Fighting ×2,,1,J,yes,684429_gastly.jpg,deck,https://store.tcgplayer.com/pokemon/me03-perfect-order/gastly
Gengar,ME03: Perfect Order,050/088,Rare,Darkness,130,Stage 2,Darkness / 130 / Stage 2,"Ability: Infinite Shadow If this Pokémon is Knocked Out by damage from an attack from your opponent's Pokémon, put it into your hand instead of the discard pile. (Discard all attached cards.)",[D] Mind Jack (10+) - This attack does 30 more damage for each of your opponent's Benched Pokémon.,,,,Fighting ×2,,1,J,yes,684431_gengar.jpg,deck,https://store.tcgplayer.com/pokemon/me03-perfect-order/gengar
Dark Bell,ME05: Pitch Black,075/084,Uncommon,Trainer - Item,,,Trainer - Item,Both Active non-Darkness Pokémon are now Confused.,,,,,,,,J,yes,704832_dark-bell-075-084.jpg,deck,https://store.tcgplayer.com/pokemon/me05-pitch-black/dark-bell-075-084
Gwynn,ME05: Pitch Black,078/084,Uncommon,Trainer - Supporter,,,Trainer - Supporter,"Discard up to 2 Pokémon that don't have a Rule Box from your hand, and draw 3 cards for each card you discarded in this way. (Pokémon ex, Pokémon V, etc. have Rule Boxes.)",,,,,,,,J,yes,704835_gwynn-078-084.jpg,deck,https://store.tcgplayer.com/pokemon/me05-pitch-black/gwynn-078-084
Shadowy Darkness Energy,ME05: Pitch Black,083/084,Rare,Energy - Special,,,Energy - Special,"As long as this card is attached to a Pokémon, it provides [D] Energy. As long as the [D] Pokémon this card is attached to is on your Bench, prevent all damage done to it by attacks from your opponent's Pokémon.",,,,,,,,J,yes,704840_shadowy-darkness-energy.jpg,deck,https://store.tcgplayer.com/pokemon/me05-pitch-black/shadowy-darkness-energy
Basic Darkness Energy,MEE: Mega Evolution Energies,7,Common,Energy - Basic,,,Energy - Basic,,,,,,,,,,yes,656269_basic-darkness-energy-007.jpg,deck,https://store.tcgplayer.com/pokemon/mee-mega-evolution-energies/basic-darkness-energy-007
Buddy-Buddy Poffin,SV05: Temporal Forces,144/162,Uncommon,Trainer - Item,,,Trainer - Item,"Search your deck for up to 2 Basic Pokémon with 70 HP or less and put them onto your bench. Then, shuffle your deck.",,,,,,,,H,yes,542659_buddy-buddy-poffin.jpg,deck,https://store.tcgplayer.com/pokemon/sv05-temporal-forces/buddy-buddy-poffin
Koffing,SV09: Journey Together,091/159,Common,Darkness,60,Basic,Darkness / 60 / Basic,,[1] Tackle (10),[1D] Suffocating Gas (20),,,Fighting ×2,,1,I,yes,623518_koffing.jpg,deck,https://store.tcgplayer.com/pokemon/sv09-journey-together/koffing
Weezing,SV09: Journey Together,092/159,Uncommon,Darkness,130,Stage 1,Darkness / 130 / Stage 1,,[D] Pervasive Gas (30) - Your opponent’s Active Pokémon is now Confused.,"[1D] Crazy Blast (50+) - If this Pokémon used Pervasive Gas during your last turn, this attack does 120 more damage.",,,Fighting ×2,,2,I,yes,623519_weezing.jpg,deck,https://store.tcgplayer.com/pokemon/sv09-journey-together/weezing
Night Stretcher,SV: Shrouded Fable,061/064,Uncommon,Trainer - Item,,,Trainer - Item,Put a Pokémon or a Basic Energy card from your discard pile into your hand.,,,,,,,,H,yes,560372_night-stretcher.jpg,deck,https://store.tcgplayer.com/pokemon/sv-shrouded-fable/night-stretcher
